{
    "per_feature": {
        "80_Total night charge": {
            "stats": {
                "min": 1.97,
                "average": 9.08682329269736,
                "median": 9.09,
                "max": 17.19,
                "p99": 14.21640000000003,
                "std": 2.2787197450049823
            },
            "missing_impute_with_value": 9.08682329269736
        },
        "20_Total day calls": {
            "stats": {
                "min": 30.0,
                "average": 101.11681855840928,
                "median": 101.0,
                "max": 165.0,
                "p99": 145.0,
                "std": 20.262551350353835
            },
            "missing_impute_with_value": 101.11681855840928
        },
        "20_Number vmail messages": {
            "stats": {
                "min": 0.0,
                "average": 8.427269499349036,
                "median": 0.0,
                "max": 51.0,
                "p99": 42.0,
                "std": 13.833328586108737
            },
            "missing_impute_with_value": 8.427269499349036
        },
        "20_Total night calls": {
            "stats": {
                "min": 42.0,
                "average": 99.96899041306663,
                "median": 99.0,
                "max": 175.0,
                "p99": 148.0,
                "std": 20.34050771737959
            },
            "missing_impute_with_value": 99.96899041306663
        },
        "20_Total intl charge": {
            "stats": {
                "min": 0.0,
                "average": 2.782573085572257,
                "median": 2.84,
                "max": 4.94,
                "p99": 4.48,
                "std": 0.7415122994188063
            },
            "missing_impute_with_value": 2.782573085572257
        },
        "80_Total night minutes": {
            "stats": {
                "min": 43.7,
                "average": 201.92705645638534,
                "median": 202.1,
                "max": 381.9,
                "p99": 315.88400000000075,
                "std": 50.637670312709126
            },
            "missing_impute_with_value": 201.92705645638534
        },
        "80_Total eve calls": {
            "stats": {
                "min": 0.0,
                "average": 100.23351875961652,
                "median": 100.0,
                "max": 170.0,
                "p99": 146.0,
                "std": 19.924913107580004
            },
            "missing_impute_with_value": 100.23351875961652
        },
        "80_Total calls": {
            "stats": {}
        },
        "20_Total eve minutes": {
            "stats": {
                "min": 48.1,
                "average": 203.0639247248195,
                "median": 203.8,
                "max": 361.8,
                "p99": 317.8,
                "std": 50.592710316324286
            },
            "missing_impute_with_value": 203.0639247248195
        },
        "80_Area code": {
            "stats": {
                "min": 408.0,
                "average": 428.9545508344183,
                "median": 415.0,
                "max": 510.0,
                "p99": 510.0,
                "std": 35.375683530715406
            },
            "missing_impute_with_value": 428.9545508344183
        },
        "80_Total eve minutes": {
            "stats": {
                "min": 0.0,
                "average": 200.26812640549176,
                "median": 201.2,
                "max": 363.7,
                "p99": 317.5,
                "std": 51.75413343363939
            },
            "missing_impute_with_value": 200.26812640549176
        },
        "20_Total eve charge": {
            "stats": {
                "min": 4.09,
                "average": 17.26039057876672,
                "median": 17.32,
                "max": 30.75,
                "p99": 27.01,
                "std": 4.300431349366242
            },
            "missing_impute_with_value": 17.26039057876672
        },
        "80_total minutes": {
            "stats": {}
        },
        "80_Total day calls": {
            "stats": {
                "min": 0.0,
                "average": 100.35010060362173,
                "median": 101.0,
                "max": 160.0,
                "p99": 146.0,
                "std": 19.979856103261035
            },
            "missing_impute_with_value": 100.35010060362173
        },
        "20_Total night charge": {
            "stats": {
                "min": 1.04,
                "average": 9.035363948396261,
                "median": 9.08,
                "max": 16.55,
                "p99": 14.1,
                "std": 2.2381790093024536
            },
            "missing_impute_with_value": 9.035363948396261
        },
        "80_Total day minutes": {
            "stats": {
                "min": 0.0,
                "average": 178.84088057758316,
                "median": 179.4,
                "max": 350.8,
                "p99": 305.1,
                "std": 53.82073035185462
            },
            "missing_impute_with_value": 178.84088057758316
        },
        "80_Customer service calls": {
            "stats": {
                "min": 0.0,
                "average": 1.555923777961889,
                "median": 1.0,
                "max": 9.0,
                "p99": 6.0,
                "std": 1.3112740493302564
            },
            "missing_impute_with_value": 1.555923777961889
        },
        "80_Total night calls": {
            "stats": {
                "min": 36.0,
                "average": 100.29979879275653,
                "median": 101.0,
                "max": 166.0,
                "p99": 146.0,
                "std": 19.26247139319161
            },
            "missing_impute_with_value": 100.29979879275653
        },
        "80_International plan": {
            "stats": {
                "mostFrequentValue": "No",
                "leastFrequentValue": "Yes"
            },
            "dropped_modality": "Yes",
            "category_possible_values": [
                "No"
            ],
            "category_possible_counts": [
                7604
            ]
        },
        "20_Total day charge": {
            "stats": {
                "min": 4.4,
                "average": 30.697732276008992,
                "median": 30.28,
                "max": 56.83,
                "p99": 53.65,
                "std": 9.355622158586945
            },
            "missing_impute_with_value": 30.697732276008992
        },
        "80_Voice mail plan": {
            "stats": {
                "mostFrequentValue": "No",
                "leastFrequentValue": "Yes"
            },
            "dropped_modality": "Yes",
            "category_possible_values": [
                "No"
            ],
            "category_possible_counts": [
                6120
            ]
        },
        "20_Total eve calls": {
            "stats": {
                "min": 37.0,
                "average": 99.96662326902592,
                "median": 101.0,
                "max": 168.0,
                "p99": 144.0,
                "std": 19.239668456118352
            },
            "missing_impute_with_value": 99.96662326902592
        },
        "80_Total day charge": {
            "stats": {
                "min": 0.0,
                "average": 30.403522310332583,
                "median": 30.5,
                "max": 59.64,
                "p99": 51.87,
                "std": 9.149467280247308
            },
            "missing_impute_with_value": 30.403522310332583
        },
        "20_Account length": {
            "stats": {
                "min": 1.0,
                "average": 103.32725766362883,
                "median": 103.0,
                "max": 232.0,
                "p99": 201.0,
                "std": 41.23781117634085
            },
            "missing_impute_with_value": 103.32725766362883
        },
        "80_Account length": {
            "stats": {}
        },