{
    "columns": [
        "80_Total night charge",
        "20_Total day calls",
        "20_Number vmail messages",
        "20_Total night calls",
        "20_Total intl charge",
        "80_Total night minutes",
        "80_Total eve calls",
        "80_Total calls",
        "20_Total eve minutes",
        "80_Total eve minutes",
        "20_Total eve charge",
        "80_total minutes",
        "80_Total day calls",
        "20_Total night charge",
        "80_Total day minutes",
        "80_Customer service calls",
        "80_Total night calls",
        "20_Total day charge",
        "20_Total eve calls",
        "80_Total day charge",
        "80_Total intl minutes",
        "20_Total day minutes",
        "20_Total night minutes",
        "20_Total intl calls",
        "80_Number vmail messages",
        "80_Total intl charge",
        "20_Total intl minutes",
        "80_Total eve charge",
        "20_Customer service calls",
        "80_Total intl calls"
    ],
    "shifts": [
        9.08682329269736,
        101.11681855840928,
        8.427269499349036,
        99.96899041306663,
        2.782573085572257,
        201.92705645638534,
        100.23351875961652,
        300.8834181559948,
        203.0639247248195,
        200.26812640549176,
        17.26039057876672,
        581.0360634394603,
        100.35010060362173,
        9.035363948396261,
        178.84088057758316,
        1.555923777961889,
        100.29979879275653,
        30.697732276008992,
        99.96662326902592,
        30.403522310332583,
        10.248703988637708,
        180.5712628713457,
        200.78551307847084,
        4.515090543259557,
        8.068883891584804,
        2.767625754527163,
        10.303858444786366,
        17.023008640075748,
        1.5548585631435672,
        4.516155758077879
    ],
    "inv_scales": [
        0.43884290825672095,
        0.049352126625581014,
        0.07228918143419134,
        0.04916298127335177,
        1.3485952974533195,
        0.019748143898101457,
        0.05018842464209149,
        0.029344022504205185,
        0.019765693392341133,
        0.01932212817904155,
        0.23253481308273197,
        0.010981399645213117,
        0.05005041051505791,
        0.4467917873609484,
        0.018580201224741293,
        0.7626170902343091,
        0.05191441843508479,
        0.10688760010280686,
        0.051975947625126195,
        0.10929598077900009,
        0.35553989163851535,
        0.01817100662920363,
        0.02010779360702229,
        0.40798949160738757,
        0.07324236033205835,
        1.316975584167487,
        0.3641220633576364,
        0.22731952038759,
        0.7589943430104373,
        0.3963607125738163
    ]
}